RowNumber,CustomerId,Surname,CreditScore,Geography,Gender,Age,Tenure,Balance,NumOfProducts,HasCrCard,IsActiveMember,EstimatedSalary,Exited
1,27727177,Surname1,504,France,Male,35,5,37095.76,1,1,0,85033.94,0
2,51757962,Surname2,818,France,Female,42,9,59984.53,2,0,1,116557.28,0
3,93104875,Surname3,610,Spain,Female,39,10,100832.75,2,1,0,40504.43,1
4,45119407,Surname4,524,France,Female,28,10,85321.2,1,0,0,68394.11,1
5,31445130,Surname5,671,Spain,Female,69,4,89747.65,3,1,1,149980.24,0
6,46249765,Surname6,621,Spain,Female,33,4,181861.42,4,0,1,166780.25,0
7,38521715,Surname7,745,France,Male,58,1,21761.24,1,0,1,104012.3,0
8,65898926,Surname8,754,Germany,Female,31,6,118992.07,3,0,0,61138.79,1
9,74462561,Surname9,383,Germany,Female,53,5,184306.84,4,1,1,169625.09,0
10,96030729,Surname10,475,France,Male,58,10,34017.93,2,0,1,116250.83,0
11,82889676,Surname11,430,France,Female,35,8,6763.72,2,0,1,151172.75,1
12,53582283,Surname12,531,Spain,Male,35,1,95428.23,1,0,0,172989.86,0
13,40196093,Surname13,717,Spain,Female,47,7,146567.2,4,0,1,82021.44,0
14,20067595,Surname14,536,Germany,Male,20,1,169351.11,1,0,0,113342.92,1
15,15126356,Surname15,418,Spain,Female,23,2,154519.58,2,1,0,97392.73,1
16,66415026,Surname16,676,Spain,Female,51,8,108656.16,1,1,0,41681.71,1
17,70419660,Surname17,729,Germany,Male,30,1,137842.25,1,0,1,10360.74,0
18,44175076,Surname18,627,France,Male,54,8,117355.78,1,1,0,115589.73,0
19,84359535,Surname19,638,Germany,Female,21,3,134378.4,4,1,1,42963.93,1
20,71363302,Surname20,416,Germany,Male,69,5,84023.7,2,1,1,50676.3,0
21,54729054,Surname21,742,France,Male,19,1,108388.67,1,0,1,163425.55,0
22,36797789,Surname22,462,France,Male,38,1,193127.49,3,0,0,140614.12,0
23,60507781,Surname23,806,Spain,Male,65,9,105658.31,2,0,1,55271.18,1
24,11041737,Surname24,509,Germany,Female,47,6,106943.48,1,0,1,174159.01,1
25,69460341,Surname25,613,Spain,Female,40,7,4842.87,3,1,1,22988.97,0
26,84128851,Surname26,750,Germany,Male,30,4,79007.56,2,0,0,148197.07,0
27,40594897,Surname27,791,Spain,Male,39,4,199986.67,3,0,1,147349.57,0
28,78753625,Surname28,599,France,Female,49,0,62392.55,3,1,0,74453.39,0
29,67440284,Surname29,788,Germany,Male,32,6,171248.16,1,1,0,192425.28,0
30,69382659,Surname30,630,Germany,Male,56,10,2826.88,1,0,0,162189.74,1
31,22163449,Surname31,637,France,Female,34,0,58674.3,4,0,0,112762.88,0
32,24311031,Surname32,354,France,Male,35,6,4134.54,2,0,0,178081.25,0
33,88894181,Surname33,719,Germany,Male,49,9,43622.76,2,1,0,194463.84,0
34,15814807,Surname34,478,Germany,Male,45,2,85449.75,2,0,0,29431.42,0
35,62556105,Surname35,467,France,Female,41,9,132436.33,4,1,0,155062.99,0
36,21297887,Surname36,585,Spain,Female,55,0,24905.94,2,1,1,70650.55,0
37,88125103,Surname37,559,Germany,Female,64,9,123571.13,1,0,1,69764.26,0
38,76959502,Surname38,577,Spain,Male,50,6,16330.8,3,1,1,46594.91,0
39,19546905,Surname39,416,Spain,Male,60,1,141942.18,1,1,1,163073.38,1
40,17561963,Surname40,506,Germany,Male,35,4,187138.11,4,0,0,64064.26,0
41,12994326,Surname41,402,France,Female,60,0,131249.68,2,1,1,184900.97,0
42,66694893,Surname42,404,Germany,Male,66,2,74064.45,3,1,0,80768.06,0
43,15024852,Surname43,676,Germany,Female,47,9,46955.51,1,1,0,157830.99,0
44,52516918,Surname44,759,France,Female,55,9,122532.09,3,1,0,185185.36,0
45,90189848,Surname45,738,Germany,Female,45,7,148724.44,1,1,1,52930.99,1
46,71292524,Surname46,730,Spain,Male,54,4,110606.79,1,0,0,145837.59,1
47,67597052,Surname47,369,Spain,Male,36,10,10150.45,4,0,1,172482.48,0
48,81970154,Surname48,836,Spain,Male,54,3,73182.39,1,0,0,121443.1,1
49,36612827,Surname49,833,France,Male,28,3,89948.77,3,1,0,197087.17,1
50,26137699,Surname50,531,Spain,Male,25,5,111469.17,1,1,0,178201.98,1
51,52030508,Surname51,431,Germany,Female,58,3,157958.5,1,0,0,158688.94,0
52,30667044,Surname52,386,Germany,Female,25,7,3689.37,1,1,0,146055.01,0
53,94860907,Surname53,661,France,Male,56,6,167786.4,3,0,0,84681.59,0
54,16626274,Surname54,582,Germany,Female,24,9,192942.56,1,0,0,48193.5,1
55,58116526,Surname55,725,France,Female,65,6,157498.13,1,1,1,76774.16,1
56,68337433,Surname56,590,France,Male,25,1,91040.41,4,0,0,173944.27,0
57,80049555,Surname57,650,Germany,Male,57,6,154770.39,3,0,0,59873.58,1
58,15767942,Surname58,647,France,Female,37,9,83278.21,4,1,0,45335.42,1
59,92714954,Surname59,435,Spain,Male,43,10,118228.47,4,1,1,194212.93,0
60,93832280,Surname60,498,France,Male,44,1,127120.62,1,1,0,64777.29,1
61,29542927,Surname61,571,France,Male,34,5,196279.42,1,1,1,103749.23,0
62,37413410,Surname62,575,Germany,Female,52,6,68201.2,3,0,1,22772.92,0
63,69434802,Surname63,662,France,Female,23,5,120262.52,1,1,1,61566.82,1
64,49155491,Surname64,780,Spain,Female,18,9,172509.21,3,1,0,133050.77,0
65,37144387,Surname65,545,France,Male,22,7,84742.99,1,0,1,25445.18,1
66,47072644,Surname66,413,France,Male,41,0,52015.55,2,0,0,194919.29,1
67,99053327,Surname67,644,Spain,Female,48,5,96777.23,1,0,1,66604.0,0
68,47907221,Surname68,832,France,Male,39,8,148080.59,2,1,1,79927.63,0
69,34817021,Surname69,393,Germany,Female,38,4,193490.99,4,0,1,58347.08,1
70,66621438,Surname70,786,France,Female,59,0,57025.81,3,1,0,74024.96,0
71,96805007,Surname71,844,France,Male,70,4,111552.9,3,0,0,19076.78,1
72,70531469,Surname72,592,France,Female,53,1,159204.71,2,1,1,81021.62,0
73,28270662,Surname73,644,Germany,Male,44,6,158430.67,2,1,0,154227.7,0
74,76188438,Surname74,672,Germany,Female,49,4,68093.73,3,0,1,28418.91,1
75,70278389,Surname75,704,Germany,Male,45,4,62755.55,3,1,1,32810.69,0
76,17719315,Surname76,552,Germany,Female,36,6,169581.27,4,1,1,117249.75,1
77,29692462,Surname77,747,Germany,Male,39,5,114174.84,3,0,0,161136.56,0
78,44449897,Surname78,719,France,Female,66,6,95762.9,1,1,0,23387.37,0
79,56210884,Surname79,456,Spain,Male,63,9,183881.53,3,0,1,40387.22,0
80,41030460,Surname80,828,Spain,Female,59,9,87067.49,1,0,1,24107.05,1
81,22070321,Surname81,732,Spain,Male,26,7,32200.7,2,1,0,82110.41,0
82,69747730,Surname82,669,Spain,Male,33,6,144294.41,3,1,1,72552.56,0
83,19010799,Surname83,597,France,Female,41,1,102523.81,1,1,1,48653.81,1
84,30562515,Surname84,790,Spain,Female,37,8,131250.09,1,0,1,129704.3,1
85,87051313,Surname85,369,Germany,Male,48,6,10352.2,2,1,0,48728.4,1
86,22559098,Surname86,379,Spain,Female,39,4,147335.36,4,0,1,73129.35,0
87,22490622,Surname87,629,France,Female,31,3,193687.96,2,0,1,42314.02,1
88,69864263,Surname88,665,Spain,Female,31,4,42241.58,3,0,1,89482.67,0
89,47762129,Surname89,730,Germany,Female,68,3,50868.65,2,1,0,81207.8,0
90,58314885,Surname90,731,Spain,Male,19,1,36704.31,3,1,0,127235.39,1
91,36270408,Surname91,443,Spain,Male,33,10,199474.16,1,1,0,184841.17,0
92,19654402,Surname92,672,Spain,Female,18,10,26075.33,3,0,1,153310.55,0
93,26762072,Surname93,475,France,Male,19,4,16628.78,1,0,1,58337.79,1
94,52277940,Surname94,664,France,Female,59,5,64937.9,4,0,0,144063.03,0
95,16548339,Surname95,499,Spain,Male,28,4,79506.91,4,1,1,23066.61,0
96,57383404,Surname96,682,France,Male,49,4,154980.74,1,1,1,71875.75,1
97,83582139,Surname97,691,Spain,Female,21,1,77087.65,4,1,1,77879.25,0
98,35162371,Surname98,489,Germany,Female,55,0,161622.69,4,0,1,16795.03,1
99,85813641,Surname99,482,France,Male,51,5,197428.13,3,0,1,70569.31,1
100,21000372,Surname100,784,Germany,Female,51,1,613.12,1,1,0,158665.65,1
101,79212392,Surname101,508,Germany,Female,49,8,94692.35,3,0,0,142809.14,1
102,38162093,Surname102,784,France,Male,40,4,171892.38,4,0,0,99287.19,0
103,73106773,Surname103,473,Germany,Male,28,0,145717.59,1,0,1,43047.1,0
104,51533539,Surname104,546,Spain,Male,50,7,112267.92,4,0,0,18751.65,0
105,41933120,Surname105,499,Germany,Male,49,10,59026.37,2,1,0,48705.64,0
106,35700850,Surname106,729,France,Male,30,1,112454.68,3,0,0,136565.85,0
107,62790717,Surname107,704,Germany,Female,52,10,76983.19,3,1,1,27372.35,0
108,94917173,Surname108,610,France,Female,58,4,182107.74,2,0,1,104157.41,1
109,92661368,Surname109,464,France,Female,18,7,165299.61,1,0,0,183464.4,0
110,64449077,Surname110,363,France,Male,32,7,46545.5,1,0,0,70551.62,0
111,25117115,Surname111,717,France,Female,68,9,11278.59,3,1,0,30984.56,0
112,86229297,Surname112,580,Spain,Male,41,10,79880.75,1,1,1,45629.19,0
113,78134301,Surname113,626,Spain,Male,40,4,145563.95,4,0,1,128113.26,1
114,54427054,Surname114,665,Spain,Female,33,2,167669.92,1,0,1,103880.18,0
115,18205373,Surname115,645,Spain,Male,29,0,152995.69,2,0,1,199449.97,0
116,74899359,Surname116,598,Spain,Male,20,10,146404.81,3,1,1,187771.12,0
117,86818093,Surname117,587,France,Female,48,4,73101.03,4,0,0,113801.47,1
118,39793929,Surname118,543,France,Female,53,3,168291.3,1,0,1,185921.05,1
119,38020290,Surname119,746,Spain,Male,30,0,1449.58,1,0,1,39111.63,0
120,65324215,Surname120,614,Germany,Male,57,10,166190.98,1,1,1,105027.65,0
121,34510612,Surname121,359,France,Female,70,6,96492.05,4,1,1,191505.28,1
122,81899694,Surname122,773,France,Female,20,4,89770.24,2,1,1,73666.38,1
123,24559862,Surname123,715,France,Male,19,9,125281.28,1,0,1,110101.56,0
124,74658555,Surname124,631,Germany,Male,38,8,120008.28,3,1,0,192396.7,1
125,94908546,Surname125,488,Germany,Male,43,2,197406.71,4,0,1,16245.61,1
126,62202562,Surname126,577,Spain,Female,20,3,120276.75,2,1,1,77176.25,1
127,14791925,Surname127,601,Spain,Male,29,10,131869.64,3,1,0,165463.87,0
128,56041997,Surname128,371,Germany,Female,23,7,24976.45,3,0,1,170989.42,1
129,18248022,Surname129,541,Germany,Female,30,7,143218.74,4,0,0,14265.25,0
130,13890319,Surname130,530,Germany,Female,53,10,71513.59,4,1,0,68518.6,1
131,88632564,Surname131,383,France,Male,47,8,49905.23,4,0,1,107583.61,0
132,47075448,Surname132,607,France,Female,45,0,107333.4,3,1,0,129952.52,1
133,35281795,Surname133,549,Germany,Male,23,0,117348.76,1,1,0,35898.87,0
134,53559052,Surname134,359,Germany,Female,24,3,29256.38,2,1,1,42894.7,1
135,27234540,Surname135,741,Spain,Male,35,5,71876.96,4,0,0,197419.63,0
136,73253139,Surname136,501,France,Male,44,2,67961.8,2,0,0,123715.98,0
137,59535684,Surname137,593,Spain,Female,28,8,59146.7,2,0,1,89603.03,0
138,65483667,Surname138,733,Germany,Male,50,5,164424.75,2,0,1,198007.14,1
139,11814583,Surname139,536,France,Female,21,0,109308.04,4,0,0,26916.19,1
140,37585093,Surname140,350,Germany,Male,32,1,23636.29,4,0,1,158952.09,0
141,97848928,Surname141,799,France,Female,70,5,48610.91,3,1,1,123606.72,0
142,85763536,Surname142,471,France,Male,21,6,188333.61,4,1,0,78330.4,1
143,17006160,Surname143,622,Spain,Male,27,2,21270.11,3,1,1,24165.32,0
144,69122339,Surname144,789,Spain,Male,40,3,6071.06,3,1,0,155561.95,0
145,85830408,Surname145,687,Spain,Male,36,9,630.59,2,1,1,159577.35,1
146,71944914,Surname146,499,France,Female,54,7,772.61,4,1,1,199188.47,1
147,30305915,Surname147,765,France,Male,62,7,80713.34,4,1,0,100561.89,1
148,50518830,Surname148,461,Germany,Male,39,4,114561.96,1,0,0,137395.12,1
149,18187100,Surname149,502,Germany,Male,31,2,118009.84,3,1,0,70023.28,1
150,95253147,Surname150,407,Spain,Male,19,10,174200.92,1,1,1,108521.05,1
151,33217700,Surname151,842,France,Male,46,4,34586.7,3,0,1,81257.09,1
152,57792534,Surname152,505,Spain,Female,40,7,14815.63,3,0,1,127132.1,1
153,62487268,Surname153,681,Germany,Female,58,7,97901.69,2,1,1,34961.32,0
154,44051997,Surname154,482,Germany,Male,35,0,146555.08,4,0,0,69734.27,0
155,35851951,Surname155,798,Germany,Male,53,3,75158.98,4,1,0,146139.26,1
156,58531594,Surname156,733,Germany,Female,61,6,173605.56,1,1,1,181789.53,1
157,24940992,Surname157,410,Germany,Female,41,10,79933.25,3,1,1,158622.58,1
158,54706077,Surname158,831,France,Male,55,3,158609.09,2,0,0,169582.37,1
159,39639156,Surname159,810,Spain,Male,25,0,32233.48,3,0,1,112973.97,1
160,25106609,Surname160,709,Germany,Female,21,9,158382.76,4,0,0,25968.06,1
161,61576120,Surname161,817,Germany,Female,38,2,170117.82,2,0,0,162472.71,0
162,55552084,Surname162,653,Spain,Female,65,4,147783.38,1,0,1,46236.41,0
163,81419572,Surname163,664,Germany,Female,50,2,109543.48,4,1,0,163147.83,0
164,51104680,Surname164,584,France,Male,25,9,64721.66,3,0,1,104884.45,1
165,93661184,Surname165,634,Germany,Male,35,1,86549.18,1,1,1,63615.36,0
166,13523971,Surname166,408,France,Male,61,2,45612.45,2,0,0,142255.02,1
167,11048258,Surname167,456,France,Male,41,2,23960.74,3,0,1,182299.81,0
168,68970002,Surname168,687,Germany,Female,50,1,149814.96,3,1,1,40457.61,1
169,13333145,Surname169,676,Germany,Female,31,4,28719.43,1,0,1,35241.84,0
170,93493690,Surname170,710,Germany,Male,62,0,75089.05,3,0,1,105996.67,1
171,63158624,Surname171,815,France,Female,27,6,120070.45,3,0,0,110494.74,1
172,71344925,Surname172,561,Spain,Female,65,7,182912.47,2,0,0,58459.92,0
173,43945076,Surname173,817,France,Female,38,4,28071.85,1,1,0,19788.97,1
174,78554575,Surname174,460,Spain,Male,53,1,171778.92,3,1,1,183969.86,1
175,56229920,Surname175,780,Germany,Male,24,9,121798.91,2,1,0,126276.19,1
176,49315532,Surname176,589,Germany,Male,38,10,178050.83,3,0,1,150771.67,0
177,49887157,Surname177,444,Spain,Male,58,9,101203.56,1,1,0,30849.04,0
178,41699052,Surname178,435,Germany,Male,70,2,7495.69,2,0,1,34362.2,0
179,58101939,Surname179,429,Germany,Female,48,10,7175.24,1,1,0,103707.29,0
180,51591819,Surname180,389,Spain,Male,20,1,2681.05,2,1,0,190757.77,0
181,41482458,Surname181,535,Germany,Male,61,8,95883.14,4,0,1,151640.59,1
182,70527257,Surname182,750,Spain,Female,27,9,135105.44,3,1,0,89741.64,0
183,66139480,Surname183,650,France,Female,65,4,148270.48,2,0,0,189748.77,0
184,64868708,Surname184,545,Germany,Male,23,1,63244.07,4,1,0,54516.77,1
185,62199264,Surname185,669,Germany,Female,24,3,137810.69,1,0,0,66040.19,1
186,19857599,Surname186,615,Germany,Female,40,10,3319.06,4,1,1,87564.35,1
187,52130678,Surname187,358,Spain,Female,26,0,7704.36,3,1,1,106341.44,1
188,57902155,Surname188,731,France,Female,38,2,13647.74,4,0,1,48592.62,0
189,97549156,Surname189,604,Germany,Male,22,8,180993.31,1,0,0,63240.01,0
190,79016211,Surname190,397,France,Male,40,10,113555.14,2,0,0,74338.98,1
191,66448306,Surname191,437,Germany,Male,57,8,37606.69,1,1,1,178056.98,0
192,82101684,Surname192,743,Spain,Male,24,10,143418.32,1,0,0,158160.49,1
193,94265288,Surname193,528,France,Male,41,9,56476.38,1,1,1,197485.43,0
194,22181704,Surname194,445,Spain,Female,46,7,128093.93,1,0,1,118282.77,1
195,41750096,Surname195,843,Spain,Female,63,8,158626.31,3,1,1,31604.85,0
196,39509999,Surname196,372,France,Male,62,0,177707.4,2,1,1,194641.2,0
197,45646184,Surname197,398,Germany,Female,50,1,145858.43,3,1,0,195882.08,0
198,57886368,Surname198,663,Germany,Female,29,1,191590.85,4,1,1,162289.7,1
199,15894945,Surname199,659,Germany,Female,52,10,46058.96,3,1,0,59592.71,0
200,49660007,Surname200,754,Spain,Male,32,10,42747.76,2,1,1,83006.15,0
201,42033157,Surname201,553,France,Female,51,6,171534.03,4,0,0,25809.09,0
202,90559873,Surname202,614,France,Female,44,10,152498.39,4,1,0,101643.59,0
203,15806684,Surname203,621,France,Female,22,10,70770.25,4,0,1,138189.33,1
204,91877952,Surname204,710,Germany,Female,55,4,57844.72,2,0,0,181867.84,0
205,75832241,Surname205,354,France,Female,67,3,128543.64,3,1,0,156844.53,0
206,23001621,Surname206,628,Spain,Male,60,10,186409.19,3,1,0,189701.99,0
207,68290309,Surname207,780,France,Male,44,0,142536.75,4,0,0,190071.3,1
208,55354031,Surname208,714,France,Male,46,0,32202.83,4,0,0,71158.4,1
209,27586217,Surname209,418,France,Female,23,8,97730.07,1,1,0,43443.28,1
210,46763283,Surname210,520,France,Male,37,10,198602.01,1,1,0,124283.81,0
211,62991296,Surname211,364,Spain,Male,38,4,107519.29,4,1,1,76058.35,0
212,61560152,Surname212,823,France,Male,41,6,178133.99,3,0,0,122167.9,1
213,87273461,Surname213,442,Spain,Male,28,7,129862.7,1,0,0,198779.6,1
214,13773801,Surname214,373,Germany,Female,44,1,80223.4,4,1,0,10466.72,1
215,98090900,Surname215,488,Germany,Female,21,1,126061.56,1,1,1,193875.36,0
216,44735184,Surname216,415,Germany,Male,56,2,42995.69,1,0,0,63520.75,1
217,43342883,Surname217,847,Spain,Female,50,4,109043.84,4,0,1,95618.24,1
218,55627416,Surname218,516,Spain,Male,24,8,15541.34,4,0,0,30737.59,1
219,46182277,Surname219,619,France,Female,46,7,155658.8,2,1,1,93733.22,0
220,58488279,Surname220,741,Germany,Female,33,0,45127.15,4,1,0,65157.91,1
221,28017039,Surname221,822,France,Female,68,4,74924.6,2,0,1,22869.34,1
222,42158895,Surname222,523,Germany,Female,39,5,166586.09,3,0,1,147045.71,1
223,65359971,Surname223,435,Spain,Female,43,3,168412.9,4,1,1,53699.83,1
224,79934438,Surname224,513,Germany,Male,43,2,31411.0,4,0,1,161193.63,0
225,37398703,Surname225,570,Spain,Male,21,3,76485.5,4,0,0,24928.01,0
226,13706013,Surname226,599,Spain,Female,32,4,198167.0,3,0,1,125671.64,1
227,63924264,Surname227,653,France,Male,58,5,188313.66,3,0,0,61053.88,0
228,73207093,Surname228,508,Spain,Female,46,0,95741.08,3,1,0,67030.17,0
229,13944336,Surname229,453,Germany,Male,23,10,60396.17,4,1,1,123640.78,0
230,24842558,Surname230,415,Spain,Female,19,4,103907.2,3,1,1,158022.69,1
231,16929592,Surname231,392,France,Female,36,5,82240.4,4,1,1,114295.13,1
232,83160044,Surname232,523,Germany,Female,57,8,144751.58,3,0,1,28943.78,1
233,26845130,Surname233,357,France,Male,57,5,143491.52,4,0,1,29841.84,0
234,62635075,Surname234,585,Spain,Female,65,5,87718.56,3,1,0,52226.08,1
235,10200050,Surname235,594,France,Male,64,6,2231.24,3,1,0,155843.67,1
236,43063829,Surname236,690,Germany,Male,30,9,123.87,3,1,1,110618.79,1
237,28839010,Surname237,484,Spain,Male,26,3,104618.8,2,0,1,83413.18,0
238,48194360,Surname238,826,France,Female,67,0,145201.69,2,0,0,104688.94,1
239,22810081,Surname239,351,Spain,Male,66,10,94847.92,4,1,1,101793.92,1
240,95574744,Surname240,753,Germany,Male,60,10,13594.97,1,0,0,49956.55,1
241,57660168,Surname241,533,France,Female,58,7,152973.94,4,1,1,24877.34,0
242,95303896,Surname242,811,France,Female,31,10,13542.09,3,1,1,40435.01,0
243,97621416,Surname243,372,Spain,Male,69,10,176570.62,1,1,0,137637.02,1
244,26398418,Surname244,767,Germany,Female,52,8,19933.44,2,0,0,45767.47,1
245,32144925,Surname245,392,Germany,Male,53,9,9008.93,1,0,0,32733.9,0
246,73719266,Surname246,529,Spain,Male,29,4,180446.34,3,0,0,116217.32,1
247,96664837,Surname247,645,Spain,Male,55,10,143207.33,4,0,0,118844.88,1
248,85737508,Surname248,693,France,Male,63,8,173104.66,4,0,1,187878.96,0
249,39202289,Surname249,618,France,Male,46,6,25802.01,1,1,0,111215.4,1
250,27936693,Surname250,698,France,Male,69,2,8281.71,4,0,0,92495.45,0
251,51893552,Surname251,678,France,Male,23,2,19167.57,2,0,0,14391.29,0
252,57186518,Surname252,380,France,Male,60,3,8748.92,1,0,0,107264.3,1
253,73952656,Surname253,521,Spain,Male,38,6,6572.85,2,1,1,158818.33,1
254,73410137,Surname254,430,Germany,Male,70,3,49642.22,1,0,0,64798.37,0
255,31950129,Surname255,495,Spain,Male,31,4,12187.29,1,0,1,93562.72,0
256,35440406,Surname256,730,Spain,Male,21,0,24128.8,2,0,0,50087.26,1
257,41371038,Surname257,387,Spain,Male,46,7,5032.56,4,0,0,181477.0,1
258,84671994,Surname258,408,France,Male,36,8,137525.77,4,1,0,27372.55,1
259,37778600,Surname259,398,France,Male,26,6,160726.06,2,0,0,53742.45,1
260,88841664,Surname260,493,Germany,Male,24,4,78718.55,1,1,0,168824.96,1
261,66914924,Surname261,527,Germany,Male,60,2,75671.29,1,0,1,72686.11,1
262,95909008,Surname262,773,France,Female,33,6,47703.33,1,1,1,77639.59,0
263,19340340,Surname263,616,France,Female,69,1,149087.07,2,1,0,117849.23,1
264,82513658,Surname264,469,Germany,Female,55,8,148010.18,4,0,1,38215.48,0
265,48781433,Surname265,487,France,Male,64,0,190434.97,2,1,0,54222.46,0
266,30228186,Surname266,686,Germany,Male,20,10,83687.47,1,1,0,166428.75,0
267,78077575,Surname267,688,Germany,Male,54,5,86181.35,1,0,1,198381.7,1
268,63868343,Surname268,790,France,Male,38,9,35666.39,4,1,1,64007.23,0
269,63576165,Surname269,421,France,Male,59,10,87256.31,3,0,0,36422.18,1
270,99291410,Surname270,768,Germany,Male,32,9,117649.79,2,0,0,27206.54,0
271,17748896,Surname271,734,France,Male,48,7,82951.27,4,0,0,144529.83,0
272,43582082,Surname272,831,Spain,Female,29,6,175879.84,1,1,1,42593.18,1
273,12844411,Surname273,462,France,Female,66,1,95302.91,1,1,1,156420.2,1
274,89534844,Surname274,512,Spain,Female,50,8,152879.1,3,0,1,117242.98,1
275,19392524,Surname275,707,Spain,Male,34,7,150930.19,1,0,0,185691.75,1
276,53762201,Surname276,705,France,Male,30,8,32946.88,3,1,1,45078.33,0
277,54160782,Surname277,605,Germany,Female,60,0,53663.28,1,1,0,171596.56,1
278,20776580,Surname278,754,Germany,Male,40,0,53748.88,2,0,1,23775.43,0
279,79424137,Surname279,423,Germany,Female,30,5,181607.19,1,0,0,17243.3,0
280,32335369,Surname280,520,Germany,Female,61,10,58022.38,4,0,1,23811.27,0
281,54599544,Surname281,512,France,Male,53,3,38061.75,2,0,0,54608.51,1
282,13762602,Surname282,769,Germany,Male,40,9,82705.58,4,1,1,116082.4,0
283,40271515,Surname283,561,France,Male,39,10,67786.21,2,1,1,174175.87,0
284,94485148,Surname284,502,Germany,Female,65,7,181291.91,1,0,0,139006.09,0
285,84654975,Surname285,795,France,Male,65,9,54682.39,1,0,0,30316.79,0
286,86615186,Surname286,745,Spain,Female,52,5,36223.93,1,1,0,116699.8,1
287,88520661,Surname287,508,Spain,Female,20,5,171948.46,1,1,0,102488.46,1
288,18070210,Surname288,379,Spain,Female,32,7,118883.14,1,1,1,164077.02,1
289,50003966,Surname289,757,France,Male,24,1,51534.14,1,1,1,135831.65,0
290,58136009,Surname290,618,Germany,Female,49,1,99787.29,4,0,0,94322.07,1
291,97351263,Surname291,617,Germany,Male,24,5,84047.32,1,1,1,59058.91,0
292,93681662,Surname292,849,Germany,Male,39,5,111552.81,4,0,1,192346.9,0
293,56938014,Surname293,429,France,Female,24,8,51702.56,2,1,0,67349.97,0
294,97732455,Surname294,361,France,Male,60,3,144325.44,4,1,1,140757.43,0
295,73499738,Surname295,416,France,Male,35,7,181535.85,1,1,1,29764.69,1
296,36833748,Surname296,446,Germany,Female,31,1,1395.83,4,1,0,172194.82,0
297,56004237,Surname297,751,Spain,Male,59,0,128235.59,4,1,1,60963.64,1
298,67646802,Surname298,749,Spain,Female,65,0,172192.07,2,0,0,173268.57,0
299,80420271,Surname299,845,Germany,Female,47,9,28545.25,2,1,1,122037.95,1
300,14315288,Surname300,455,Germany,Female,22,5,78805.07,2,0,1,174551.29,0
301,91193034,Surname301,570,France,Female,23,10,72015.6,1,1,1,15232.71,0
302,61866539,Surname302,770,Spain,Male,44,0,187077.41,4,1,0,174932.15,1
303,52113093,Surname303,754,France,Female,53,8,90168.26,2,1,1,165441.7,0
304,50388440,Surname304,481,France,Male,24,3,172619.09,1,0,1,128707.61,0
305,65483076,Surname305,454,Germany,Female,70,2,158790.67,4,1,1,57866.72,0
306,24651081,Surname306,495,Spain,Male,30,6,157443.56,3,1,1,155666.32,0
307,30294051,Surname307,821,Germany,Male,36,5,147940.85,4,1,0,49863.82,1
308,47948099,Surname308,472,Germany,Female,24,3,128201.47,1,1,1,128803.03,0
309,33172915,Surname309,597,Germany,Male,29,4,199914.12,4,0,1,113534.26,0
310,39969402,Surname310,370,France,Female,51,3,198163.96,2,1,1,125882.8,1
311,81254974,Surname311,586,France,Male,63,9,34061.48,4,1,1,161304.77,0
312,73920462,Surname312,620,Spain,Male,28,9,143549.23,2,1,0,189931.4,1
313,48221701,Surname313,465,Spain,Male,34,6,125062.16,3,1,1,28289.31,1
314,56056087,Surname314,787,Spain,Male,68,2,55076.06,3,0,1,76939.39,0
315,44856420,Surname315,790,France,Male,40,2,199866.51,2,0,1,118464.64,0
316,93972722,Surname316,617,Germany,Male,64,8,47082.89,4,0,1,29454.26,0
317,36592149,Surname317,422,France,Female,23,9,103401.79,4,0,1,157567.61,1
318,51085190,Surname318,477,France,Female,35,3,43480.95,4,0,1,129958.76,0
319,49410366,Surname319,690,Spain,Male,62,4,4101.73,2,0,1,19753.85,1
320,29483088,Surname320,541,France,Male,59,10,161845.45,2,0,0,57341.18,1
321,15408434,Surname321,791,Germany,Male,47,10,24926.4,3,1,0,11577.33,1
322,43546823,Surname322,416,Germany,Male,24,5,35813.51,1,1,0,98206.47,0
323,54292503,Surname323,457,Spain,Male,43,1,18355.44,4,0,0,100920.85,1
324,91648340,Surname324,405,Germany,Female,44,2,15122.0,2,0,0,194652.99,0
325,82179631,Surname325,580,Spain,Male,43,10,152339.68,2,1,1,196490.4,1
326,59178630,Surname326,622,France,Male,66,2,130944.83,4,1,1,186272.1,1
327,96952498,Surname327,708,Germany,Female,70,3,76220.58,4,0,1,55308.08,0
328,45127618,Surname328,714,France,Female,50,7,95014.72,4,0,0,135609.34,1
329,33751017,Surname329,430,France,Female,44,4,162237.94,3,0,1,28273.5,0
330,46903747,Surname330,632,Spain,Male,26,2,97062.23,2,1,1,14127.84,1
331,31941890,Surname331,577,Spain,Male,56,6,115379.87,1,1,1,53614.16,0
332,91578667,Surname332,788,Germany,Female,21,8,198079.5,2,0,0,58204.7,1
333,57898789,Surname333,549,France,Male,45,6,91044.61,3,1,0,28592.79,1
334,40942055,Surname334,803,Germany,Male,68,2,183198.85,4,1,0,82717.13,1
335,87655248,Surname335,626,France,Female,51,7,1161.13,1,0,0,60430.03,1
336,60014158,Surname336,537,Spain,Female,18,3,21374.21,3,1,1,50567.63,0
337,54234588,Surname337,523,Germany,Female,32,1,142173.19,1,0,0,106377.46,0
338,18039340,Surname338,383,France,Female,46,5,75076.88,2,1,0,138829.2,1
339,63324466,Surname339,653,France,Male,33,10,136744.29,4,0,0,180956.99,0
340,31111831,Surname340,440,Germany,Female,23,4,1452.64,4,1,0,172575.3,1
341,52035663,Surname341,671,Germany,Male,18,6,18253.56,3,1,1,160014.28,0
342,82220502,Surname342,761,Germany,Female,20,10,13041.08,2,0,1,16291.98,0
343,78424070,Surname343,807,Germany,Female,35,2,184511.26,3,0,1,28022.15,1
344,13956291,Surname344,850,France,Male,38,4,187784.31,3,1,0,151145.14,0
345,93426804,Surname345,749,Spain,Male,18,3,51990.04,2,0,1,186183.23,1
346,58533528,Surname346,666,Germany,Female,58,4,80949.13,1,1,0,156388.4,1
347,67605654,Surname347,826,Spain,Female,67,0,59616.93,4,1,1,100621.54,0
348,81268277,Surname348,580,Germany,Female,37,8,177411.57,3,1,1,176050.21,0
349,39622348,Surname349,380,Spain,Female,52,2,88192.91,2,0,0,27913.72,0
350,82658775,Surname350,489,Spain,Female,44,3,129587.48,2,0,1,115604.78,1
351,59677176,Surname351,576,Germany,Female,60,2,160581.28,4,1,1,164742.24,0
352,97905894,Surname352,675,Spain,Male,36,5,44093.86,2,0,0,67147.28,1
353,19509625,Surname353,676,Spain,Male,23,5,17609.42,2,0,1,128362.84,0
354,53433567,Surname354,733,Spain,Male,40,6,14945.06,4,0,0,26764.81,1
355,21240043,Surname355,695,Germany,Male,60,6,156545.12,2,1,1,25668.74,1
356,99009411,Surname356,456,Germany,Female,62,4,7003.76,1,0,1,179198.4,1
357,63773975,Surname357,690,France,Female,21,1,136835.93,3,1,1,188906.17,0
358,35264203,Surname358,645,Germany,Male,32,6,121866.64,4,0,0,84812.48,1
359,69903983,Surname359,795,France,Male,18,0,141414.33,1,1,0,185601.11,0
360,63627239,Surname360,751,Spain,Male,48,6,18860.29,3,1,0,83622.29,1
361,26650160,Surname361,794,Germany,Female,52,5,46950.37,4,1,1,195698.32,1
362,15354590,Surname362,798,Spain,Female,21,6,118500.38,3,0,1,24856.9,0
363,50150946,Surname363,604,Spain,Female,35,0,108680.77,1,0,0,178871.89,1
364,49512764,Surname364,670,Spain,Female,42,10,9378.5,2,0,1,15442.7,0
365,74706391,Surname365,723,Germany,Female,58,4,874.12,1,1,0,133832.11,0
366,19359469,Surname366,722,Germany,Male,63,2,43997.15,1,0,1,34739.03,1
367,49696385,Surname367,728,Germany,Male,69,6,19051.15,4,0,1,174498.58,0
368,65281903,Surname368,613,France,Male,25,9,101059.68,4,1,1,191209.94,0
369,10056212,Surname369,769,France,Female,57,3,144159.72,1,0,0,19713.7,0
370,16613012,Surname370,685,France,Male,35,6,77899.18,2,0,1,44110.3,0
371,88627944,Surname371,539,France,Female,33,0,144410.89,1,0,1,166612.98,1
372,13548790,Surname372,845,Spain,Male,28,8,199316.24,3,0,0,125412.12,0
373,35132798,Surname373,803,Spain,Male,66,4,92296.04,4,0,0,187499.47,1
374,71684468,Surname374,611,France,Female,61,4,164911.17,3,1,0,81367.08,1
375,80844219,Surname375,435,Spain,Female,62,3,151278.55,4,0,1,109118.14,1
376,73627286,Surname376,475,Spain,Male,49,3,182004.09,2,1,0,41213.88,1
377,47831967,Surname377,553,Germany,Male,26,7,72314.04,1,0,1,83904.43,1
378,12059457,Surname378,718,France,Female,39,3,153858.17,2,1,1,26459.96,0
379,55362140,Surname379,409,Spain,Male,38,1,58432.62,3,0,0,31470.27,0
380,71958139,Surname380,595,Spain,Female,33,7,209.13,2,1,1,74703.62,1
381,56661838,Surname381,507,Spain,Female,40,1,160121.77,1,1,1,53474.72,1
382,10765864,Surname382,695,France,Female,26,4,16381.71,2,1,1,85303.31,1
383,72526480,Surname383,363,Germany,Male,66,2,61909.85,2,0,0,76922.69,0
384,36806101,Surname384,783,Spain,Male,22,3,65493.72,4,0,1,141619.95,0
385,30325026,Surname385,744,Spain,Male,18,3,127228.02,2,0,0,111992.83,0
386,25635966,Surname386,563,Germany,Male,57,10,181176.29,4,1,1,75771.71,0
387,37727293,Surname387,374,Spain,Female,63,5,99337.08,3,1,0,90156.82,0
388,82602752,Surname388,401,Spain,Female,66,9,105874.36,3,1,1,10341.4,0
389,77657546,Surname389,692,France,Female,66,7,16911.84,3,1,1,12752.79,0
390,65518156,Surname390,483,Spain,Female,24,2,60694.6,3,1,0,32213.41,1
391,75415518,Surname391,830,Spain,Female,39,6,126296.7,3,1,0,130626.9,0
392,37231547,Surname392,419,Germany,Female,59,6,164198.14,4,1,0,90310.23,1
393,73568111,Surname393,710,France,Male,59,2,21551.54,4,1,1,172908.29,0
394,89803358,Surname394,724,Spain,Female,28,2,168861.91,3,0,0,186940.64,0
395,98600146,Surname395,574,Germany,Female,33,6,53110.44,1,0,1,69074.08,0
396,55666714,Surname396,746,Spain,Male,65,0,92789.98,2,0,0,124400.82,1
397,85548664,Surname397,604,France,Female,22,4,150468.31,2,1,0,118323.92,1
398,40916069,Surname398,814,Germany,Female,63,7,77114.85,4,0,1,182146.56,1
399,27270561,Surname399,385,Spain,Male,37,5,14233.54,1,1,1,137737.74,0
400,57001039,Surname400,803,France,Male,30,4,95766.94,4,1,1,146759.29,0
401,49427550,Surname401,555,Spain,Female,58,9,73180.49,2,1,1,67872.83,1
402,81111674,Surname402,513,Spain,Male,26,3,56491.28,2,0,0,77059.1,1
403,58193275,Surname403,844,France,Male,41,8,164131.5,3,1,1,18828.6,0
404,89320531,Surname404,458,Germany,Male,30,9,89360.57,4,1,1,75915.21,0
405,89233096,Surname405,480,Spain,Female,46,5,199878.24,3,0,1,186417.67,0
406,87319027,Surname406,609,Germany,Male,22,6,141689.15,3,0,0,146931.18,0
407,54173893,Surname407,524,Germany,Male,30,0,168234.1,3,0,1,67809.37,0
408,74310143,Surname408,469,France,Male,34,10,5895.64,4,1,0,73433.49,0
409,27193207,Surname409,657,France,Male,34,3,135234.65,1,1,0,63763.5,0
410,11960285,Surname410,448,Spain,Female,59,10,48124.24,2,0,0,170170.86,0
411,67131732,Surname411,799,Germany,Female,50,5,154199.88,1,0,1,113000.34,0
412,37543471,Surname412,731,France,Male,51,5,54926.9,2,1,0,100224.99,0
413,64544684,Surname413,580,Spain,Female,55,9,138333.31,4,0,1,88384.03,1
414,96886235,Surname414,640,Germany,Female,39,9,51470.02,3,1,1,123509.97,0
415,81345989,Surname415,842,Germany,Male,69,8,6254.0,4,0,0,82790.41,0
416,30149848,Surname416,554,Germany,Female,43,2,122289.83,2,1,1,92037.68,0
417,80629470,Surname417,718,France,Male,67,9,63576.7,1,0,1,161004.77,1
418,73267154,Surname418,793,France,Female,26,0,118748.07,2,1,0,144037.13,0
419,67561825,Surname419,665,France,Male,25,2,154074.47,2,1,0,193421.02,1
420,67764009,Surname420,622,France,Female,38,2,196248.24,2,1,0,64591.4,1
421,70012433,Surname421,799,Germany,Female,28,0,150636.75,3,0,0,99047.9,0
422,54973148,Surname422,697,France,Male,33,4,166467.15,2,1,1,191384.02,1
423,43040879,Surname423,508,Spain,Male,24,1,10397.88,3,0,0,138806.37,0
424,12024713,Surname424,502,Germany,Male,62,10,55667.33,2,1,0,168115.34,0
425,15196572,Surname425,412,France,Female,39,6,97125.95,1,1,1,15425.86,1
426,71949824,Surname426,704,Germany,Female,21,3,149181.14,4,1,0,89944.35,0
427,47830132,Surname427,776,Germany,Male,38,2,184247.33,2,0,0,131067.37,1
428,31777068,Surname428,673,Spain,Male,35,0,99329.94,2,0,1,86863.02,0
429,97717811,Surname429,463,Spain,Male,42,9,107666.34,2,0,1,152200.17,1
430,41907304,Surname430,632,Spain,Female,35,5,87463.22,2,0,1,63945.99,1
431,93287582,Surname431,450,Spain,Male,28,6,135688.33,3,1,0,77302.22,0
432,40313276,Surname432,765,Germany,Male,69,3,68403.97,4,0,0,148564.72,0
433,39972716,Surname433,576,Spain,Male,59,1,5534.61,2,0,1,56793.41,0
434,14138450,Surname434,781,France,Male,45,2,78340.19,1,0,0,38927.32,1
435,47570980,Surname435,620,Germany,Male,41,10,69694.07,3,0,0,143026.57,0
436,26685166,Surname436,512,France,Female,60,9,191276.57,1,0,0,170759.18,1
437,16728114,Surname437,613,Spain,Female,27,8,171504.32,4,0,0,152828.81,1
438,41500075,Surname438,604,France,Female,69,2,120175.59,2,1,1,140438.48,1
439,95782063,Surname439,656,Spain,Male,23,5,12975.47,4,0,0,29042.3,1
440,97804771,Surname440,356,France,Female,26,4,120188.54,2,1,1,197539.2,0
441,13267483,Surname441,421,Germany,Male,21,1,94692.7,2,0,1,158367.91,1
442,20736182,Surname442,510,Spain,Male,19,2,138715.86,1,0,1,71630.14,0
443,64577512,Surname443,430,France,Female,45,0,36688.74,1,0,1,178715.51,1
444,15848853,Surname444,783,Germany,Male,39,8,154619.68,3,1,0,175477.43,1
445,63558753,Surname445,450,Germany,Female,53,9,150096.45,2,1,0,112535.08,1
446,68322734,Surname446,474,France,Male,46,9,17648.37,1,1,0,29779.96,1
447,60486739,Surname447,539,Spain,Female,21,8,97950.8,2,0,0,47279.69,1
448,87381149,Surname448,763,France,Male,24,5,55767.18,3,1,0,42007.44,1
449,13903692,Surname449,577,Spain,Female,20,8,188885.81,4,1,0,23596.3,0
450,98177621,Surname450,774,Germany,Female,36,1,189833.05,4,0,0,103551.45,1
451,11413593,Surname451,687,Germany,Male,20,9,35721.25,1,1,1,190053.03,0
452,64253080,Surname452,808,France,Male,62,10,42288.49,3,0,1,141992.22,0
453,28201225,Surname453,649,Germany,Male,22,8,69993.97,1,0,0,189010.23,0
454,25489963,Surname454,737,Germany,Female,49,2,43612.16,2,0,0,191420.03,1
455,87160260,Surname455,810,France,Male,58,5,109078.55,3,0,1,188296.8,0
456,21455723,Surname456,570,Spain,Male,58,8,171191.17,3,1,0,73315.24,1
457,37450742,Surname457,770,Germany,Female,19,8,56100.87,1,0,1,146327.82,1
458,27787105,Surname458,656,Germany,Female,40,10,25279.25,2,0,0,58348.51,0
459,42649015,Surname459,575,Germany,Female,56,3,59222.15,1,1,0,29954.22,0
460,16617821,Surname460,426,Germany,Male,61,6,74716.38,2,0,1,23616.1,0
461,71455720,Surname461,417,France,Male,57,6,106240.9,3,0,0,199699.29,0
462,14480686,Surname462,428,Germany,Female,51,6,179472.92,1,1,1,68376.99,0
463,44038934,Surname463,525,Spain,Male,47,3,187375.69,4,0,1,42696.76,1
464,20246472,Surname464,471,Germany,Male,31,10,60002.09,4,0,1,168347.09,1
465,65244434,Surname465,536,France,Female,20,9,6346.62,3,0,1,183307.34,0
466,84773867,Surname466,704,France,Male,58,7,150952.07,3,0,0,169350.59,0
467,87869777,Surname467,487,France,Male,40,8,109498.74,1,0,0,165623.27,0
468,53321849,Surname468,527,France,Male,67,2,165331.63,4,0,0,10974.47,1
469,29862225,Surname469,532,Germany,Male,37,0,178764.02,1,1,1,101088.13,0
470,28065326,Surname470,620,France,Male,53,9,81587.4,2,1,0,83075.03,1
471,49205476,Surname471,380,Spain,Male,44,2,127152.7,4,0,0,113538.07,1
472,77462483,Surname472,364,France,Male,45,9,120055.45,4,0,1,135505.44,1
473,61401266,Surname473,667,Germany,Female,44,1,46727.26,1,0,1,153303.72,0
474,78602158,Surname474,708,Germany,Male,32,3,85385.04,3,1,0,50143.25,0
475,38502600,Surname475,644,France,Female,25,9,40395.41,3,1,1,147184.01,1
476,82714837,Surname476,656,France,Female,25,9,95642.56,3,1,0,114160.09,1
477,15219790,Surname477,601,Spain,Female,70,10,46653.58,2,0,1,92828.69,1
478,87523704,Surname478,417,France,Male,27,0,41493.36,4,1,0,131570.06,1
479,87845762,Surname479,439,Spain,Female,20,6,32617.87,2,0,0,198266.39,0
480,73551680,Surname480,773,Spain,Male,63,1,165216.91,4,1,1,22131.99,1
481,15928891,Surname481,599,France,Male,67,1,153182.84,1,0,0,197346.66,0
482,77970056,Surname482,713,Germany,Female,66,7,42827.9,2,0,1,187175.64,0
483,60252229,Surname483,370,Germany,Male,23,4,154295.91,3,1,0,122288.31,1
484,22258078,Surname484,748,Spain,Male,41,10,159054.91,4,1,0,134875.98,0
485,65498471,Surname485,558,Spain,Female,40,4,26909.68,4,0,0,74747.5,0
486,20350719,Surname486,414,Germany,Female,23,10,167510.21,2,0,0,165870.83,1
487,48838784,Surname487,369,France,Male,59,9,132097.57,1,0,1,151731.4,0
488,17548253,Surname488,661,Spain,Female,29,4,134927.96,4,1,0,12014.71,1
489,90820748,Surname489,719,Germany,Male,65,3,69280.78,2,1,0,172287.03,1
490,98805397,Surname490,581,France,Male,34,2,5436.92,4,1,0,156422.91,1
491,74593569,Surname491,361,Germany,Male,64,4,173181.38,4,1,0,116550.82,0
492,99643233,Surname492,606,France,Male,31,8,195239.56,4,0,0,133292.35,1
493,52651623,Surname493,625,Spain,Female,57,9,119874.22,3,1,1,194274.98,1
494,69033197,Surname494,824,Germany,Female,47,3,59989.21,1,1,1,15503.21,1
495,66514417,Surname495,583,Spain,Female,28,10,159331.65,4,0,1,163634.17,1
496,99889154,Surname496,793,France,Female,35,1,23086.39,4,1,0,144289.83,1
497,78260624,Surname497,805,Germany,Female,62,6,57869.87,3,0,1,48915.98,0
498,84281529,Surname498,600,France,Female,27,0,34396.02,3,1,0,196417.88,1
499,54038539,Surname499,656,Spain,Male,50,10,11802.78,3,1,1,133826.6,1
500,79914833,Surname500,541,Spain,Male,25,9,195247.3,2,1,1,23526.47,1
501,46523696,Surname501,616,Spain,Female,18,7,54529.09,2,1,1,131944.22,0
502,86085171,Surname502,556,Germany,Female,50,6,130903.88,4,1,0,86846.92,1
503,51836235,Surname503,686,France,Male,35,1,49917.06,2,1,1,132758.5,0
504,76618067,Surname504,408,Spain,Female,60,9,190098.74,4,0,1,199684.53,0
505,88466107,Surname505,574,France,Female,25,8,39070.55,1,0,1,48524.34,1
506,12561992,Surname506,746,Spain,Female,70,10,54522.4,4,1,1,172753.07,1
507,96379337,Surname507,811,Spain,Female,57,4,7002.65,2,1,1,141413.5,0
508,79990319,Surname508,667,France,Male,63,2,164164.21,4,1,0,197076.52,0
509,28644680,Surname509,688,Spain,Male,68,3,120370.83,2,0,0,55737.26,0
510,61546413,Surname510,398,Germany,Male,28,2,505.44,4,1,0,98686.42,1
511,13837981,Surname511,548,Spain,Female,35,10,16358.54,3,1,1,175169.91,1
512,79093620,Surname512,675,Germany,Male,20,4,91295.24,1,0,0,99821.5,0
513,88135885,Surname513,488,France,Female,21,9,192944.46,4,0,1,100379.31,1
514,30075734,Surname514,490,Germany,Male,59,2,96655.97,4,0,0,43105.11,1
515,70092941,Surname515,592,Spain,Male,69,0,195454.89,1,1,1,32769.59,0
516,54342024,Surname516,468,France,Male,32,10,156829.01,4,1,0,116361.15,0
517,23500385,Surname517,512,Germany,Female,32,9,95051.52,1,0,1,155357.7,1
518,24657911,Surname518,663,France,Female,52,0,68656.44,3,1,0,66396.06,1
519,35731361,Surname519,636,Germany,Female,22,0,2581.04,4,1,1,122574.0,0
520,29170355,Surname520,423,Germany,Male,25,6,2230.3,1,0,0,160645.81,0
521,78541410,Surname521,758,Germany,Male,68,6,112013.68,4,1,1,113553.07,1
522,82232196,Surname522,707,Germany,Female,62,0,162760.34,3,1,0,98721.4,0
523,96617570,Surname523,362,France,Female,41,4,63277.05,2,0,0,195146.46,0
524,82324957,Surname524,539,France,Female,35,3,46032.37,4,0,0,53259.78,1
525,77396003,Surname525,526,Spain,Female,28,6,139560.34,3,1,1,17138.57,0
526,68029205,Surname526,477,Spain,Female,42,5,84707.97,3,1,0,17385.38,0
527,67933045,Surname527,673,France,Male,61,8,133295.35,1,1,1,158647.75,0
528,62479937,Surname528,578,Germany,Female,60,8,113035.16,3,1,0,180348.43,0
529,53386902,Surname529,639,Germany,Female,22,5,124921.92,1,1,1,31717.63,0
530,22075866,Surname530,460,Germany,Male,19,1,40392.11,3,1,0,125245.23,0
531,45362471,Surname531,751,France,Male,55,9,10830.42,1,1,0,94906.16,0
532,37659663,Surname532,404,Germany,Male,47,3,105744.24,3,1,0,179093.09,0
533,71747153,Surname533,410,France,Female,70,4,86345.9,1,1,1,16772.07,1
534,71890130,Surname534,495,France,Male,70,8,161546.49,2,0,1,61578.59,0
535,72952226,Surname535,644,Germany,Male,49,8,103044.56,1,0,0,196618.92,0
536,96948368,Surname536,703,Spain,Female,32,5,79665.37,1,0,1,80812.73,1
537,93270529,Surname537,653,Spain,Female,29,5,182288.51,4,1,0,192408.23,0
538,17215610,Surname538,696,Germany,Female,47,9,190595.51,4,1,0,127598.1,0
539,85115465,Surname539,598,Spain,Male,33,1,142793.75,4,1,0,83166.56,0
540,52196536,Surname540,787,Germany,Male,40,5,143412.62,4,0,0,84627.81,1
541,83831999,Surname541,561,Spain,Female,69,8,181915.46,3,0,1,173721.64,0
542,42695148,Surname542,543,France,Female,64,6,10421.89,2,0,1,129570.76,0
543,41111402,Surname543,673,Spain,Female,26,3,113798.68,3,1,0,155976.48,1
544,62192088,Surname544,768,Spain,Female,54,6,94059.32,1,0,1,119039.53,1
545,41193833,Surname545,775,Germany,Male,46,3,129092.58,1,1,1,90102.8,0
546,40237933,Surname546,358,Germany,Male,18,1,67993.16,3,1,1,195456.59,0
547,74727138,Surname547,840,Germany,Female,56,3,81529.01,4,0,0,157548.71,1
548,81986881,Surname548,804,Spain,Male,50,1,119461.23,1,0,0,123277.55,1
549,26036991,Surname549,580,Spain,Male,67,9,181885.72,3,0,1,127285.33,0
550,68266112,Surname550,662,Germany,Male,43,4,176532.98,1,1,0,148866.09,1
551,32216441,Surname551,660,Germany,Male,32,2,12481.12,3,1,0,78389.22,1
552,14409121,Surname552,568,Spain,Female,63,0,5146.22,1,1,0,102299.83,0
553,88920496,Surname553,847,Spain,Female,42,7,157934.06,4,0,1,181495.0,1
554,27358833,Surname554,696,Germany,Female,56,4,164508.73,1,1,1,107340.65,0
555,65995979,Surname555,479,Germany,Male,60,10,11807.55,3,1,0,53518.74,0
556,34865179,Surname556,842,France,Female,48,9,138669.77,2,0,0,193474.25,0
557,97120240,Surname557,415,Germany,Male,37,1,66204.06,1,0,1,23360.33,1
558,96590489,Surname558,709,France,Female,39,1,1864.16,4,1,1,43752.47,1
559,81361362,Surname559,742,Spain,Female,39,2,86611.77,1,1,0,84958.64,1
560,60517171,Surname560,697,France,Male,35,2,118982.46,3,1,1,76094.64,1
561,48990853,Surname561,786,France,Female,35,3,189188.67,2,1,1,117939.38,0
562,58491908,Surname562,845,Spain,Female,35,8,4436.67,4,0,0,154158.2,1
563,61491506,Surname563,469,Germany,Male,23,0,4342.56,4,1,0,124763.15,0
564,83853127,Surname564,487,Germany,Male,68,5,121261.52,3,1,1,181816.98,0
565,95929595,Surname565,747,France,Female,66,10,134066.17,4,0,1,78990.88,1
566,16737900,Surname566,500,Germany,Female,45,1,150796.58,2,0,0,132226.01,0
567,52443242,Surname567,506,Germany,Female,64,9,34831.65,1,1,1,195287.22,0
568,77962629,Surname568,832,Spain,Male,23,3,59582.39,4,1,0,94149.11,0
569,24036486,Surname569,747,Spain,Female,23,2,188359.05,1,0,0,133648.47,1
570,17812887,Surname570,476,France,Female,57,5,54203.56,2,0,1,175782.69,1
571,69519829,Surname571,620,France,Male,31,2,186434.95,1,0,0,31053.74,0
572,53128078,Surname572,769,Spain,Female,57,10,38933.16,4,0,1,105571.05,0
573,53072013,Surname573,416,Spain,Male,66,5,52132.72,4,1,1,123504.2,0
574,62908134,Surname574,476,France,Male,65,1,11731.98,4,1,0,55287.83,0
575,55945013,Surname575,731,Spain,Male,26,3,25280.55,4,0,1,140659.5,1
576,95245874,Surname576,675,France,Female,64,6,63626.64,4,0,0,23784.44,1
577,26394091,Surname577,495,France,Female,22,7,11019.75,4,0,1,93081.14,1
578,51892249,Surname578,466,Germany,Male,18,2,51630.58,3,1,1,56564.79,0
579,85560568,Surname579,361,Spain,Female,21,5,44996.39,3,1,0,61108.26,0
580,77463615,Surname580,549,Germany,Male,34,1,72707.3,3,1,1,121980.7,1
581,76116403,Surname581,504,Germany,Female,20,3,43242.82,3,1,0,78595.25,0
582,68810727,Surname582,629,Germany,Female,67,2,149139.54,3,0,0,80055.45,1
583,29356682,Surname583,486,Spain,Male,21,1,49896.1,1,1,1,180498.17,1
584,48744652,Surname584,841,Germany,Female,59,5,101677.15,4,1,1,100152.33,0
585,68118943,Surname585,658,Spain,Female,38,0,150332.91,4,1,1,62960.33,0
586,76991423,Surname586,521,Spain,Male,39,1,22083.37,2,0,0,47335.4,1
587,82214072,Surname587,581,Germany,Male,20,1,187829.13,4,1,1,32114.4,1
588,48364091,Surname588,469,France,Male,38,5,21857.31,1,1,0,159982.38,0
589,81424109,Surname589,419,Germany,Female,60,3,23087.53,1,0,0,193243.53,1
590,23309235,Surname590,408,France,Male,25,10,130955.98,1,0,1,98444.95,1
591,72249700,Surname591,723,Spain,Female,68,7,96714.78,1,0,0,156240.12,1
592,21328054,Surname592,842,France,Male,58,2,41086.98,1,0,1,158500.92,1
593,18962698,Surname593,561,Spain,Female,48,7,100049.05,3,1,1,118531.94,0
594,23536877,Surname594,542,Spain,Female,70,9,59399.81,4,1,1,107641.28,1
595,23564252,Surname595,481,France,Male,34,1,166392.53,2,1,1,71222.97,1
596,30977640,Surname596,391,France,Male,33,6,68187.86,1,0,1,181402.92,0
597,50408633,Surname597,586,Germany,Male,46,0,11895.29,4,0,0,145092.08,0
598,46952544,Surname598,497,Germany,Male,60,2,199125.52,4,1,1,115119.86,1
599,32221101,Surname599,706,Spain,Female,20,4,110111.41,3,0,0,31822.12,1
600,44954766,Surname600,750,France,Female,47,2,77699.29,3,0,0,34514.25,1
601,76008777,Surname601,422,Spain,Female,64,10,170106.08,2,1,1,174752.89,1
602,81772114,Surname602,398,Germany,Male,30,9,109970.75,1,1,1,142813.85,0
603,45117569,Surname603,649,Spain,Female,26,2,145053.25,2,0,1,74642.42,1
604,79949662,Surname604,740,Spain,Male,54,6,101312.14,1,1,0,30434.87,0
605,75261169,Surname605,486,France,Female,33,4,48064.83,4,0,1,199170.83,1
606,33944648,Surname606,780,France,Female,28,2,84858.88,4,0,1,49557.36,1
607,96136125,Surname607,485,France,Female,42,8,79412.2,2,0,0,16485.49,0
608,13375768,Surname608,380,France,Female,67,7,103722.89,3,1,0,120310.8,1
609,97005779,Surname609,716,France,Male,52,5,138558.26,2,1,0,176223.48,1
610,71609618,Surname610,676,France,Female,46,3,195208.44,4,0,1,157589.39,0
611,33475409,Surname611,512,Germany,Female,45,7,171116.28,4,1,1,95509.42,1
612,49897510,Surname612,839,Spain,Female,33,5,195477.39,4,1,1,58670.14,1
613,22144303,Surname613,825,France,Male,41,2,93833.63,4,0,0,196881.8,0
614,31210664,Surname614,794,Germany,Male,56,0,72514.28,1,1,0,10900.33,1
615,93063455,Surname615,584,Spain,Female,29,0,22717.7,3,0,1,70550.1,1
616,28952042,Surname616,736,Germany,Female,44,4,6122.34,4,0,0,74693.29,0
617,16489580,Surname617,640,France,Female,18,7,149509.5,4,0,1,100344.09,1
618,35874780,Surname618,785,Germany,Male,46,4,9694.61,1,0,1,96131.21,0
619,30595126,Surname619,499,Germany,Female,35,3,154345.8,2,0,0,110455.73,1
620,25389864,Surname620,356,Spain,Male,27,8,186252.86,2,1,0,187583.54,1
621,95952869,Surname621,363,France,Male,52,6,164577.09,3,0,1,115896.46,1
622,59028628,Surname622,500,Germany,Female,39,6,71316.59,4,1,1,126891.85,1
623,38204930,Surname623,567,Germany,Male,50,0,65506.68,3,0,1,186265.89,1
624,73937655,Surname624,449,Spain,Female,70,6,132090.93,1,0,1,156152.34,1
625,54396629,Surname625,462,Spain,Male,42,4,121497.32,1,0,0,54200.09,1
626,53192815,Surname626,542,Spain,Female,20,5,73677.47,2,1,0,44077.05,0
627,11912578,Surname627,515,Germany,Female,53,6,22212.17,3,1,1,132342.14,0
628,55551317,Surname628,505,France,Female,49,4,150881.41,3,0,1,189398.6,1
629,71535266,Surname629,458,Germany,Male,48,1,25334.94,3,1,1,143793.66,0
630,39973403,Surname630,712,France,Female,58,1,34103.6,2,1,1,40490.47,0
631,50394784,Surname631,364,France,Male,41,0,141744.56,4,1,1,133452.63,0
632,98888294,Surname632,429,Germany,Male,28,5,171991.59,3,0,1,80313.12,0
633,78703536,Surname633,365,Spain,Female,24,2,28448.46,1,0,0,168088.39,1
634,33244550,Surname634,664,Spain,Male,28,4,77135.53,1,1,0,180830.24,0
635,64489037,Surname635,505,Germany,Female,35,9,102688.41,1,0,0,107965.34,1
636,84994283,Surname636,744,Germany,Female,40,4,199946.45,4,0,1,29205.99,1
637,71896611,Surname637,370,France,Male,19,1,62277.86,2,0,1,190298.15,0
638,85505547,Surname638,585,France,Female,63,5,16625.83,4,1,0,25995.18,1
639,45152776,Surname639,529,Germany,Female,18,5,100033.13,3,0,0,167062.24,1
640,36887609,Surname640,619,Germany,Female,43,7,92099.49,1,0,0,142603.96,1
641,53338257,Surname641,779,France,Male,64,3,98708.77,1,1,1,137633.03,1
642,46027890,Surname642,804,Germany,Male,26,9,27278.27,4,0,1,141385.17,1
643,44761308,Surname643,817,Spain,Female,19,6,120306.47,3,1,1,84809.27,0
644,21762295,Surname644,468,France,Female,63,5,13198.47,1,1,1,160062.24,0
645,64783133,Surname645,723,Germany,Male,56,2,161997.46,2,0,1,152385.18,0
646,72262595,Surname646,592,Spain,Male,45,10,81017.23,3,1,1,122060.0,1
647,77710716,Surname647,411,France,Male,66,2,130606.87,3,1,1,166938.89,1
648,58949460,Surname648,517,France,Female,23,0,96503.3,1,0,0,38464.59,0
649,50278198,Surname649,552,France,Female,63,2,166898.78,2,1,0,121751.9,1
650,32863403,Surname650,734,Spain,Male,52,2,44299.68,1,0,1,22066.37,1
651,53229794,Surname651,702,Spain,Female,63,0,194012.82,3,0,0,45664.59,0
652,22407018,Surname652,364,France,Male,20,6,58197.99,1,1,1,69320.86,1
653,44172671,Surname653,514,France,Male,27,6,2563.09,3,1,0,36483.01,0
654,93110046,Surname654,572,France,Female,40,3,169098.44,2,1,0,174624.18,0
655,32933101,Surname655,726,France,Male,44,2,139838.31,3,1,0,83791.04,1
656,90141196,Surname656,714,Spain,Male,51,1,9322.19,4,0,0,28594.38,1
657,86524472,Surname657,444,Germany,Male,27,2,114425.04,2,1,1,21527.7,0
658,39974255,Surname658,566,France,Male,58,4,152158.04,2,0,1,34397.31,0
659,75759185,Surname659,832,Spain,Male,61,8,192111.17,4,1,1,183002.66,1
660,39003612,Surname660,430,France,Female,32,7,61525.54,2,1,0,131153.91,0
661,36344606,Surname661,608,Germany,Male,63,0,50617.99,3,0,1,193803.35,1
662,17426973,Surname662,501,Germany,Male,55,9,68152.55,4,0,1,164438.4,1
663,58014091,Surname663,831,Spain,Male,54,1,137510.05,4,1,1,152381.34,1
664,77320553,Surname664,382,France,Female,60,8,34154.61,2,0,0,67053.38,0
665,26737220,Surname665,491,France,Female,25,5,65840.22,2,0,0,94746.84,1
666,31125031,Surname666,490,Germany,Male,70,7,173201.7,2,1,0,193040.2,0
667,10755884,Surname667,804,Spain,Male,62,0,125703.18,2,0,0,118675.32,1
668,40855397,Surname668,779,Germany,Female,32,7,95831.69,3,0,1,52891.94,1
669,12067402,Surname669,424,Spain,Female,28,10,28047.59,3,1,0,130560.72,0
670,33776035,Surname670,616,Spain,Male,63,1,156530.03,2,0,1,186930.43,0
671,58605925,Surname671,590,France,Female,34,3,69006.07,2,0,1,64800.29,1
672,68323042,Surname672,550,France,Female,56,5,61388.21,1,0,1,126776.74,0
673,62468061,Surname673,723,France,Male,67,8,95745.33,2,0,1,12969.38,0
674,93544890,Surname674,571,Germany,Female,32,9,7855.92,4,1,1,42872.5,0
675,32510298,Surname675,648,Germany,Male,40,5,154732.85,3,1,0,56658.72,0
676,86160402,Surname676,566,Germany,Male,56,4,37830.84,4,0,1,162204.63,0
677,10046494,Surname677,638,Germany,Female,22,3,180305.86,3,0,1,181665.17,1
678,77298522,Surname678,452,Germany,Female,57,8,62796.28,3,0,1,38165.19,0
679,81656456,Surname679,539,France,Female,30,10,122479.86,2,0,1,18634.04,0
680,57184738,Surname680,566,France,Female,34,6,111891.38,3,1,0,58329.52,1
681,20930688,Surname681,837,France,Male,39,3,38695.45,2,1,1,151382.59,0
682,40362863,Surname682,396,France,Male,23,7,113915.52,2,0,1,98357.59,0
683,83398035,Surname683,533,Spain,Male,59,4,138241.65,3,1,1,122169.38,0
684,34844274,Surname684,831,Germany,Female,41,3,16388.73,2,1,1,47657.48,0
685,55180027,Surname685,779,Germany,Male,68,8,138460.4,2,0,0,151351.61,0
686,44553241,Surname686,714,Germany,Male,56,9,47306.85,1,1,0,140464.63,1
687,60096573,Surname687,460,Germany,Male,44,7,74739.83,3,0,1,178045.99,0
688,28334193,Surname688,418,France,Female,25,6,41649.69,1,0,0,80216.21,0
689,66085401,Surname689,711,Spain,Female,66,6,161230.94,1,1,1,107816.0,0
690,76544939,Surname690,733,France,Male,29,0,100459.89,3,1,1,109452.67,0
691,82538375,Surname691,370,Spain,Male,56,3,29927.67,4,0,0,76797.96,1
692,37250127,Surname692,698,France,Female,37,5,136664.79,3,1,0,109882.21,0
693,98703292,Surname693,635,Germany,Female,45,5,72701.43,4,1,1,94884.47,0
694,13471529,Surname694,738,Spain,Female,25,8,163758.66,2,0,1,92338.17,0
695,52767635,Surname695,442,Germany,Female,27,5,96791.02,3,1,1,62042.38,1
696,91013852,Surname696,650,Spain,Female,29,9,12049.61,1,0,1,149492.49,1
697,29623117,Surname697,742,Spain,Female,52,0,164236.62,2,1,0,95316.21,0
698,74786222,Surname698,585,France,Female,22,0,27580.94,2,1,0,143459.9,0
699,41256566,Surname699,645,Germany,Male,23,1,113440.84,4,1,0,88198.06,1
700,67728258,Surname700,775,Spain,Female,29,7,46392.58,4,1,0,178378.01,0
701,29691278,Surname701,431,Spain,Female,58,4,105399.88,4,1,0,142386.95,0
702,78366897,Surname702,390,Germany,Male,23,4,163093.37,2,1,1,136460.76,1
703,88827562,Surname703,581,France,Female,69,0,85892.39,1,0,0,127050.92,1
704,18331088,Surname704,750,Spain,Female,50,5,130919.53,2,0,1,113934.64,1
705,32441173,Surname705,570,Spain,Male,60,10,35932.52,3,0,0,169333.19,0
706,86732405,Surname706,520,Spain,Female,28,0,13569.48,2,1,1,136315.23,1
707,27046585,Surname707,610,France,Female,20,8,98785.13,2,1,0,122759.0,0
708,24274251,Surname708,469,Spain,Female,56,8,65792.34,3,0,1,54969.74,1
709,43921777,Surname709,732,Spain,Female,29,5,182763.75,3,1,1,12042.66,0
710,90619413,Surname710,612,Spain,Male,61,5,36865.7,4,0,0,73608.97,1
711,10533831,Surname711,788,France,Female,59,3,49709.35,4,1,1,40689.41,1
712,97273549,Surname712,537,Germany,Female,49,10,153370.08,2,0,1,90383.9,0
713,89012258,Surname713,825,Spain,Male,68,2,182043.34,3,0,1,71813.18,1
714,27299229,Surname714,525,France,Male,43,9,146209.1,4,1,0,77734.36,0
715,95041321,Surname715,763,Spain,Male,68,4,190804.03,4,1,0,58891.14,1
716,71001738,Surname716,387,Germany,Male,61,10,19559.55,3,0,0,106089.12,0
717,30787305,Surname717,809,Spain,Female,45,10,139920.06,3,0,1,132979.56,1
718,42668991,Surname718,794,Spain,Female,64,5,159156.66,3,0,0,144100.33,0
719,75111353,Surname719,741,France,Male,28,5,62685.82,3,1,0,138778.66,0
720,79456492,Surname720,614,Spain,Male,29,1,139057.0,4,0,1,181157.68,0
721,97580685,Surname721,690,Germany,Male,52,7,190497.96,4,0,0,52655.03,1
722,42367734,Surname722,724,Spain,Male,31,8,143312.28,4,1,0,167949.72,0
723,73306927,Surname723,772,France,Male,40,5,88569.02,4,0,0,56207.0,1
724,55643467,Surname724,802,Spain,Female,49,3,174456.12,2,1,1,66804.74,1
725,60749026,Surname725,369,France,Female,62,9,2108.12,3,0,1,157708.56,1
726,97864995,Surname726,842,France,Male,20,9,161358.76,4,1,0,62812.18,0
727,26433362,Surname727,675,France,Male,19,10,125754.86,1,0,0,130677.05,0
728,80496028,Surname728,533,Germany,Female,60,9,90542.49,3,0,1,72978.26,0
729,44722367,Surname729,365,France,Female,40,1,197743.38,4,0,0,142921.37,0
730,53266861,Surname730,826,Spain,Female,35,0,107493.91,1,1,0,191308.98,1
731,40613828,Surname731,373,Spain,Male,30,7,130381.22,1,1,0,163855.79,0
732,34190694,Surname732,542,France,Male,30,4,131187.02,3,1,0,30425.63,1
733,86499118,Surname733,834,Germany,Male,51,7,150957.07,3,1,0,126098.55,0
734,28280902,Surname734,543,Germany,Female,42,9,91629.83,4,0,0,164072.65,1
735,17345383,Surname735,831,Germany,Male,25,2,104361.21,3,1,0,23757.07,1
736,50428951,Surname736,845,Germany,Male,51,9,70022.3,4,1,1,118397.17,0
737,72999426,Surname737,572,Germany,Male,27,5,6736.32,2,0,1,133304.18,0
738,55171039,Surname738,523,Spain,Male,43,0,147291.94,3,0,1,151915.74,0
739,50762124,Surname739,572,Germany,Male,39,0,154219.97,1,1,1,106862.07,0
740,77213668,Surname740,401,France,Male,49,4,71684.41,2,1,1,174505.36,1
741,98029920,Surname741,581,Germany,Female,60,7,74572.86,2,0,1,177419.91,0
742,85124779,Surname742,513,France,Female,42,8,131565.9,1,1,1,74691.43,0
743,99706816,Surname743,571,Spain,Male,64,1,98142.38,3,1,1,92303.93,1
744,27128734,Surname744,596,Germany,Female,52,9,7710.42,2,0,0,75482.67,0
745,24538374,Surname745,398,Spain,Female,19,1,31489.99,4,1,1,130453.36,1
746,25246991,Surname746,649,France,Male,70,8,182827.62,4,0,0,149606.05,1
747,90280210,Surname747,684,France,Male,34,1,157726.03,4,0,1,173755.11,1
748,64563671,Surname748,556,Spain,Male,55,1,22805.83,3,0,1,10539.31,0
749,78895618,Surname749,504,Spain,Male,61,6,199557.6,3,1,1,55048.43,0
750,59515036,Surname750,629,Germany,Female,18,8,103929.78,2,1,1,193879.96,0
751,71682515,Surname751,504,France,Male,60,7,164138.23,3,0,1,55937.78,1
752,81319717,Surname752,761,Spain,Male,41,10,66466.33,4,0,1,181184.21,0
753,95451820,Surname753,802,France,Male,38,4,181646.24,2,1,1,54993.75,1
754,80723724,Surname754,399,Spain,Male,60,10,6842.68,1,0,1,71763.11,1
755,39941469,Surname755,629,Spain,Male,54,6,126600.66,2,0,0,82248.49,1
756,24735649,Surname756,569,France,Female,28,5,100441.09,3,1,1,172221.81,1
757,18775171,Surname757,356,France,Female,43,10,97342.88,3,0,0,50647.76,0
758,14512579,Surname758,697,France,Male,70,8,73624.61,4,1,0,21630.01,1
759,59079872,Surname759,814,Spain,Female,57,5,166860.87,2,1,1,41266.63,0
760,36524232,Surname760,511,Germany,Female,48,9,111632.48,1,1,1,74745.06,0
761,54406410,Surname761,573,Spain,Male,25,2,163268.03,4,0,0,173463.45,1
762,20058165,Surname762,421,Spain,Female,38,9,120681.75,2,0,0,28056.84,1
763,99813702,Surname763,413,France,Male,70,0,87673.17,1,0,1,37548.41,1
764,69320233,Surname764,766,Germany,Female,45,6,178904.64,2,0,1,169480.59,0
765,41546288,Surname765,610,Germany,Female,22,1,109739.95,3,1,0,45737.19,1
766,95600013,Surname766,453,Germany,Female,48,10,83479.25,1,1,0,30434.5,1
767,96646842,Surname767,523,Germany,Male,49,4,172290.54,2,1,1,178662.58,1
768,90378084,Surname768,567,Spain,Male,31,9,52865.64,3,1,0,173084.78,1
769,22909546,Surname769,374,Germany,Male,60,9,152477.87,3,1,1,139002.26,1
770,65388014,Surname770,816,Spain,Female,64,10,37056.54,4,0,0,47634.22,0
771,41166079,Surname771,369,Germany,Female,67,2,21435.34,4,1,0,18289.04,0
772,58730167,Surname772,476,Germany,Female,38,5,82835.08,2,1,0,167601.13,0
773,65501467,Surname773,621,Spain,Female,47,7,4699.49,2,0,1,60252.39,1
774,96499207,Surname774,768,Spain,Female,55,1,91880.65,3,1,1,62378.0,0
775,67313528,Surname775,695,Germany,Female,48,6,60943.05,3,0,0,103250.76,1
776,63163098,Surname776,416,Germany,Male,28,8,71123.35,2,1,0,123647.32,1
777,48244868,Surname777,417,Spain,Female,30,7,120858.03,3,1,0,92905.56,0
778,29256078,Surname778,716,Germany,Male,62,10,166084.26,3,0,0,42656.25,1
779,16310096,Surname779,416,Germany,Male,45,10,162349.45,4,0,1,91313.96,0
780,76948278,Surname780,573,France,Male,46,10,52093.88,1,1,1,115771.44,0
781,11563458,Surname781,613,Germany,Male,22,5,79645.86,2,0,1,128350.94,0
782,85510072,Surname782,499,France,Male,66,5,143615.55,2,0,1,181978.75,1
783,88336776,Surname783,727,France,Male,58,1,153185.01,2,1,0,155620.08,0
784,37041148,Surname784,661,Spain,Male,39,2,37563.06,4,1,0,163772.09,1
785,40064123,Surname785,594,Spain,Male,64,7,93608.58,3,0,0,47172.37,1
786,46817283,Surname786,484,Germany,Female,30,4,12812.8,2,1,1,108054.91,1
787,16541012,Surname787,663,Germany,Female,36,4,45229.99,4,0,0,48888.23,0
788,34893977,Surname788,366,Germany,Female,32,4,194340.58,2,0,1,190010.18,1
789,48896337,Surname789,545,Germany,Female,55,2,181972.25,4,0,0,159072.9,0
790,14765621,Surname790,509,Germany,Female,41,4,172158.43,2,1,0,199432.88,1
791,40978514,Surname791,497,France,Female,57,1,186935.99,2,1,0,115231.2,0
792,36915497,Surname792,557,Spain,Male,31,2,199617.51,3,1,1,159927.16,0
793,61604285,Surname793,406,Spain,Female,68,2,179479.5,4,0,1,161113.6,1
794,56765259,Surname794,601,France,Male,41,9,34229.55,4,0,1,113021.65,1
795,14938363,Surname795,527,Germany,Male,45,9,117406.92,3,0,0,160460.46,0
796,67747633,Surname796,384,Spain,Female,54,0,20890.58,1,1,0,36674.47,1
797,10365711,Surname797,687,Spain,Male,70,6,35911.0,1,1,0,99716.61,0
798,23986341,Surname798,514,France,Male,50,6,7227.98,2,0,1,143987.75,1
799,41923252,Surname799,596,Spain,Female,57,4,114865.12,2,1,1,77009.71,0
800,40267393,Surname800,466,Germany,Female,28,9,12941.93,4,1,0,188070.96,0
801,22709513,Surname801,800,Germany,Male,45,4,122279.14,2,1,1,135132.04,0
802,47786240,Surname802,712,France,Male,27,4,102725.36,1,1,0,29949.35,0
803,23957774,Surname803,695,Germany,Male,18,0,73770.43,2,1,1,129067.25,0
804,29263419,Surname804,665,France,Male,36,3,81260.28,4,0,1,81409.43,1
805,92819992,Surname805,556,Spain,Male,46,10,152684.02,3,0,1,136729.08,1
806,20277141,Surname806,483,Spain,Male,55,8,57431.45,2,0,1,61808.99,1
807,13257491,Surname807,688,Spain,Male,42,4,18480.21,4,0,1,124413.0,0
808,11023949,Surname808,545,France,Female,55,1,33286.81,3,1,1,59440.22,1
809,66737490,Surname809,557,France,Male,64,0,112666.78,1,1,0,82661.32,0
810,68604821,Surname810,578,Germany,Male,33,8,92527.03,1,0,0,26838.67,0
811,94922713,Surname811,839,Spain,Female,25,6,54693.42,2,0,1,42852.21,0
812,47669870,Surname812,800,Spain,Female,63,10,37749.55,4,1,0,141700.44,1
813,98880847,Surname813,742,Spain,Male,40,8,121491.28,2,0,0,34783.94,0
814,43526087,Surname814,562,Germany,Female,62,1,37326.91,4,0,1,53316.67,0
815,54144843,Surname815,693,Spain,Male,53,6,168981.5,4,0,1,115274.78,0
816,77784660,Surname816,477,Spain,Male,55,9,21127.37,2,0,1,111719.43,0
817,29980567,Surname817,714,Spain,Male,29,10,36871.14,2,1,0,79381.02,1
818,53211996,Surname818,360,France,Male,49,2,114708.17,2,0,0,126022.19,0
819,82133976,Surname819,757,Spain,Female,40,1,31180.98,3,0,0,180965.08,1
820,24576248,Surname820,486,France,Male,37,0,128944.23,1,0,1,17568.4,0
821,97856510,Surname821,430,France,Female,37,6,135406.08,4,1,1,86007.71,0
822,25903129,Surname822,557,Spain,Male,31,7,32480.64,3,0,1,108294.0,0
823,56146532,Surname823,769,Germany,Female,50,7,105466.7,1,0,0,111832.72,0
824,35007898,Surname824,664,Germany,Female,58,2,31816.42,3,0,0,135589.1,1
825,90015455,Surname825,833,Germany,Male,35,2,134019.66,4,1,0,57296.86,0
826,51969845,Surname826,587,France,Male,69,0,104117.45,3,1,1,137240.98,0
827,67017167,Surname827,658,Germany,Male,52,6,171707.96,2,0,1,162334.18,0
828,65726604,Surname828,711,Spain,Male,18,3,88849.41,2,0,1,14936.86,0
829,25102309,Surname829,384,France,Female,30,2,56701.46,1,0,1,120422.21,0
830,40999700,Surname830,678,France,Male,48,2,65366.78,3,1,0,69674.68,0
831,82891729,Surname831,840,Germany,Female,32,10,127493.27,3,1,1,139732.75,0
832,24572072,Surname832,406,France,Male,40,9,31184.33,3,1,1,52641.82,0
833,36377591,Surname833,591,France,Female,69,0,2728.05,1,0,1,173264.56,1
834,43919729,Surname834,505,France,Female,35,9,195854.29,4,0,0,72437.48,0
835,88978984,Surname835,375,Spain,Male,45,10,97375.94,2,0,0,44222.11,1
836,47419016,Surname836,566,France,Male,41,3,11027.48,3,0,0,54556.55,1
837,17237153,Surname837,504,Germany,Male,39,9,30817.89,1,0,0,128922.1,0
838,15010935,Surname838,759,Germany,Male,52,2,142331.12,3,0,0,97066.36,0
839,65578619,Surname839,803,Spain,Male,41,3,168867.11,4,0,0,46085.83,1
840,66572557,Surname840,686,Spain,Female,58,9,29209.87,2,1,1,18953.25,0
841,99675925,Surname841,590,Spain,Female,47,0,121339.34,3,1,0,184512.2,0
842,13636198,Surname842,731,Spain,Male,35,4,107375.49,2,1,0,65926.81,0
843,65127861,Surname843,432,Spain,Female,25,5,165464.03,1,0,1,149988.87,1
844,83686586,Surname844,666,Spain,Female,56,10,176898.3,1,0,1,90983.61,1
845,68496263,Surname845,659,France,Female,58,8,20710.89,2,1,1,56516.74,1
846,35652535,Surname846,381,Germany,Male,51,10,16090.01,1,0,0,70328.58,1
847,51500904,Surname847,479,Spain,Female,45,2,46926.94,3,0,1,102143.42,0
848,13971809,Surname848,410,France,Male,53,9,61844.88,1,1,1,179187.41,1
849,52675996,Surname849,355,France,Female,58,10,113589.34,4,1,1,194336.71,0
850,27178603,Surname850,561,Germany,Female,43,0,32675.47,2,1,1,173630.63,0
851,45588165,Surname851,761,Spain,Female,47,10,118737.84,1,1,1,166889.49,1
852,96080586,Surname852,793,Germany,Male,39,4,105231.76,4,0,0,117421.85,0
853,31745836,Surname853,749,Spain,Female,60,6,57520.87,1,0,1,99913.85,0
854,86565711,Surname854,545,France,Male,28,9,65927.9,3,0,1,197058.15,1
855,43504645,Surname855,710,Spain,Male,23,4,11335.75,4,0,1,109333.72,0
856,27841703,Surname856,791,Spain,Female,65,1,91579.59,4,1,0,25434.14,0
857,82459334,Surname857,694,Germany,Male,25,2,187898.46,4,0,1,60923.92,1
858,20118772,Surname858,785,Spain,Male,50,0,171280.86,1,0,0,184806.97,1
859,84152256,Surname859,687,France,Female,43,10,129686.13,2,1,0,98818.45,0
860,85690775,Surname860,370,Germany,Male,42,10,102656.84,4,1,0,199468.83,0
861,57509119,Surname861,702,Germany,Female,25,5,158252.16,3,1,1,41371.51,0
862,22520141,Surname862,688,Germany,Male,60,2,180376.54,4,0,1,12735.11,1
863,16430586,Surname863,723,Germany,Female,26,0,97958.99,3,1,1,112395.28,0
864,54579779,Surname864,736,France,Male,69,3,128826.68,2,0,1,43078.25,0
865,45859674,Surname865,655,France,Male,59,3,85818.47,2,0,1,134714.04,0
866,56255720,Surname866,667,Germany,Male,55,1,137434.8,3,0,0,48166.89,0
867,83889681,Surname867,714,Germany,Female,58,7,90836.48,1,0,0,100084.4,0
868,49530838,Surname868,657,Spain,Male,42,2,80863.07,2,1,1,54231.81,1
869,74012695,Surname869,785,Germany,Female,23,7,92542.79,4,0,1,137264.54,1
870,92741625,Surname870,357,France,Female,62,7,139033.69,2,0,1,39616.17,0
871,89194057,Surname871,447,France,Male,46,8,54102.35,2,1,1,113274.81,1
872,29395047,Surname872,810,Germany,Male,66,2,119674.34,1,1,0,68874.16,0
873,14245411,Surname873,421,France,Male,48,3,180917.2,2,1,0,30924.41,1
874,59522605,Surname874,491,France,Female,19,6,184913.62,1,1,1,141073.35,1
875,50070011,Surname875,656,Germany,Male,38,4,126744.57,4,1,0,184734.68,1
876,74162162,Surname876,653,Spain,Male,41,10,32969.52,3,0,0,190987.65,0
877,49174064,Surname877,683,Germany,Male,69,9,43604.85,1,1,0,86295.51,0
878,46218394,Surname878,497,Germany,Male,19,10,154146.33,4,1,1,135074.33,1
879,72908642,Surname879,767,Spain,Female,67,2,11511.88,1,0,1,130094.27,1
880,18375553,Surname880,809,Spain,Female,59,8,156735.81,4,1,1,51333.53,0
881,75145104,Surname881,818,France,Male,54,4,89907.92,4,0,0,71401.0,1
882,35754657,Surname882,548,Germany,Female,66,9,45046.92,2,1,0,69099.66,1
883,10833603,Surname883,416,Spain,Male,51,10,14859.64,4,0,0,54195.1,0
884,50759769,Surname884,753,Spain,Male,38,9,909.65,1,0,0,191268.63,1
885,27904466,Surname885,477,France,Female,64,6,4382.58,2,0,1,102506.57,1
886,47089287,Surname886,425,France,Male,66,4,143532.66,2,0,0,60590.85,1
887,51355014,Surname887,633,France,Female,41,10,64208.24,4,0,1,37037.88,0
888,38651356,Surname888,418,Germany,Female,35,6,142440.24,3,1,0,29896.21,0
889,61502624,Surname889,354,France,Male,37,1,112620.34,3,1,0,35659.05,0
890,58289961,Surname890,705,France,Male,45,8,134802.21,3,1,1,37636.7,0
891,83753075,Surname891,381,France,Male,51,2,91968.79,1,1,1,186136.05,1
892,43855656,Surname892,353,France,Female,44,7,143989.32,2,0,1,83268.06,0
893,54414088,Surname893,779,Germany,Male,58,5,7701.21,3,1,0,185468.81,1
894,30181440,Surname894,557,France,Female,66,1,197659.82,1,0,1,80720.83,1
895,62927875,Surname895,467,Germany,Male,52,3,37161.1,1,1,1,66761.6,0
896,10984257,Surname896,416,Germany,Male,39,6,63065.64,4,1,1,91375.18,0
897,14008692,Surname897,796,Spain,Female,37,8,21777.24,2,0,0,106287.31,1
898,59745516,Surname898,467,Spain,Male,49,0,97021.61,4,1,1,138590.76,1
899,90658985,Surname899,569,Spain,Male,25,10,164345.59,1,0,0,141177.37,1
900,67746943,Surname900,392,Germany,Female,36,6,140390.68,2,0,1,160346.59,0
901,98404930,Surname901,634,Spain,Male,34,10,3581.82,4,0,0,198742.02,0
902,87678974,Surname902,358,Germany,Female,38,5,193796.68,4,0,0,86935.49,0
903,34109089,Surname903,629,France,Male,46,8,61680.16,4,1,0,188539.02,1
904,68317678,Surname904,537,Spain,Female,60,9,162856.81,1,1,1,93588.4,1
905,11567916,Surname905,681,France,Female,53,0,14129.38,3,0,0,61944.55,0
906,48505705,Surname906,641,Germany,Male,48,4,147858.2,3,1,0,194074.85,0
907,77787196,Surname907,721,Germany,Male,68,4,147691.78,1,1,0,158268.22,1
908,39033077,Surname908,673,Germany,Female,54,10,46089.69,3,1,1,19920.26,1
909,29948141,Surname909,688,France,Male,28,2,120606.86,2,1,1,164687.45,0
910,62618974,Surname910,652,France,Female,52,5,14745.82,4,0,1,95889.03,0
911,31378104,Surname911,452,Germany,Female,63,4,43163.78,4,1,1,166676.74,0
912,57708324,Surname912,461,Germany,Male,59,9,50733.01,3,0,1,118253.01,1
913,17568878,Surname913,369,Spain,Male,45,1,110342.83,3,0,1,126597.43,1
914,20497482,Surname914,591,Spain,Female,55,2,12514.74,1,0,1,116652.04,1
915,19207693,Surname915,533,Germany,Male,56,6,71577.31,1,0,1,108966.38,0
916,68531091,Surname916,659,Germany,Male,59,7,158529.69,3,0,1,81055.27,1
917,29041737,Surname917,499,Germany,Female,29,0,18923.62,1,0,0,39060.05,1
918,94175775,Surname918,619,Germany,Male,19,8,88172.32,3,0,1,134780.79,0
919,46708156,Surname919,544,France,Male,26,1,53694.63,2,1,0,157582.26,1
920,66563030,Surname920,501,Spain,Male,24,10,160610.08,1,0,1,130585.13,0
921,47384220,Surname921,621,Germany,Male,52,2,186719.62,2,1,1,101366.29,1
922,19941070,Surname922,788,Germany,Male,69,3,108961.33,4,1,0,112796.78,0
923,97341839,Surname923,482,Germany,Female,39,6,23692.55,1,1,0,17204.56,0
924,82717414,Surname924,529,Germany,Male,19,4,36261.74,3,1,1,80252.4,1
925,57967262,Surname925,524,France,Female,62,0,175830.65,3,0,1,132339.41,0
926,93639053,Surname926,782,Spain,Female,28,0,67698.65,1,1,1,175215.77,1
927,74853372,Surname927,689,Spain,Male,52,6,74922.45,1,1,1,88882.54,1
928,74147447,Surname928,512,France,Female,20,10,157705.06,2,1,1,22782.62,1
929,54114150,Surname929,382,Germany,Female,69,2,77575.16,1,1,1,38290.12,0
930,50796753,Surname930,781,Spain,Male,29,4,153684.43,4,1,0,134978.67,1
931,76517756,Surname931,827,France,Female,38,6,161484.25,1,1,1,76401.6,0
932,68507856,Surname932,799,France,Male,18,10,48850.2,1,1,0,115535.19,1
933,15024086,Surname933,646,Germany,Male,27,6,78131.04,3,1,0,43646.63,1
934,76632685,Surname934,594,France,Female,28,1,166102.19,3,0,0,73001.21,0
935,36966852,Surname935,758,Spain,Female,25,3,42405.9,4,1,0,70951.82,1
936,70518582,Surname936,701,Spain,Male,41,10,26942.18,2,1,0,179791.93,1
937,62178147,Surname937,775,Spain,Male,55,10,3266.86,3,0,1,16684.03,1
938,55058867,Surname938,843,Spain,Female,65,4,127091.16,1,0,1,145455.0,1
939,10417120,Surname939,768,France,Female,67,9,172727.49,2,0,1,186652.15,1
940,73622235,Surname940,810,Germany,Male,57,0,139408.47,2,1,1,45744.13,1
941,87503290,Surname941,795,Germany,Female,22,1,63998.51,1,1,1,172238.54,1
942,85721308,Surname942,727,France,Female,23,8,137756.01,3,0,1,122246.33,0
943,36576275,Surname943,364,Spain,Male,67,4,154842.43,2,1,0,165795.55,1
944,52170340,Surname944,606,France,Male,66,1,75545.66,4,1,1,141338.91,0
945,69420022,Surname945,617,France,Male,34,0,2923.0,4,1,0,139275.61,0
946,79816659,Surname946,594,Germany,Female,27,3,12678.62,4,1,0,11041.18,0
947,30397614,Surname947,385,France,Female,54,5,47207.81,4,1,1,14859.75,0
948,43540805,Surname948,708,Spain,Male,68,4,115397.52,4,1,1,115512.25,1
949,32574864,Surname949,556,Germany,Female,37,3,12065.53,2,1,1,60595.14,0
950,13444143,Surname950,489,Spain,Female,20,1,139979.71,1,0,0,35185.04,0
951,26958421,Surname951,440,Germany,Male,58,4,114064.26,2,0,1,57312.54,0
952,79901217,Surname952,754,France,Female,40,5,77111.07,1,0,1,32813.56,0
953,56906986,Surname953,724,Spain,Female,38,8,103138.82,2,0,0,171850.83,1
954,85461712,Surname954,676,Germany,Male,19,3,51337.44,1,1,1,45250.07,0
955,17393904,Surname955,685,France,Female,43,8,136257.83,3,0,0,130862.68,1
956,17566205,Surname956,559,France,Male,42,3,2418.47,2,0,1,99201.43,0
957,22516944,Surname957,386,Germany,Female,62,4,183348.06,4,1,0,59714.39,0
958,92106162,Surname958,542,Spain,Male,41,1,195957.43,4,1,1,135262.61,1
959,95428181,Surname959,602,Spain,Female,66,7,46441.22,1,0,0,115837.9,1
960,35961874,Surname960,636,France,Male,64,7,810.96,3,0,1,119650.67,1
961,43159622,Surname961,811,Germany,Female,39,5,104577.26,3,1,0,78283.27,1
962,65621878,Surname962,684,France,Male,50,10,6529.7,2,0,1,111502.51,1
963,94560776,Surname963,405,France,Female,51,6,7929.69,3,0,0,72836.36,1
964,44382226,Surname964,698,Spain,Female,40,3,177650.31,1,0,1,66473.92,1
965,49150191,Surname965,485,France,Female,35,0,177310.98,1,1,0,60654.57,1
966,54158827,Surname966,629,Spain,Female,43,5,192574.29,4,0,0,104148.3,0
967,99215505,Surname967,561,Spain,Female,44,0,44914.42,4,1,0,34307.91,1
968,72101809,Surname968,818,Germany,Male,58,3,115552.92,4,0,0,156334.33,0
969,31937953,Surname969,511,Spain,Male,21,6,61295.0,2,1,1,93620.94,1
970,16938625,Surname970,752,France,Female,62,2,49879.6,4,1,1,172506.65,1
971,40445737,Surname971,840,Germany,Female,43,4,134121.39,2,1,0,97951.12,1
972,30574250,Surname972,564,France,Male,61,6,196923.97,4,0,1,17299.42,0
973,32905208,Surname973,439,Spain,Male,46,8,161779.56,4,1,1,105470.24,1
974,97531700,Surname974,841,France,Female,18,4,102142.01,2,1,0,180942.61,1
975,83360702,Surname975,435,Germany,Male,63,2,128201.66,4,0,0,64756.51,1
976,60513088,Surname976,395,France,Female,48,8,50265.44,3,0,1,59732.78,1
977,28893567,Surname977,366,Spain,Female,45,3,176488.13,3,0,0,14748.2,1
978,31730372,Surname978,497,Germany,Male,46,1,16991.74,4,1,1,78283.61,0
979,79390358,Surname979,748,Germany,Female,23,0,47279.54,2,0,1,88700.04,1
980,28353817,Surname980,647,France,Female,70,7,101186.6,1,0,0,54073.93,0
981,65446107,Surname981,507,France,Female,22,1,166471.41,2,0,0,38706.24,1
982,22172069,Surname982,744,Germany,Female,58,5,14908.01,4,0,1,169982.72,0
983,70889605,Surname983,621,Germany,Male,54,1,23737.79,1,0,0,47259.26,1
984,19539226,Surname984,634,Germany,Male,64,3,36136.32,1,1,1,82907.51,0
985,80844341,Surname985,797,Spain,Male,57,8,100816.15,4,1,0,172750.56,0
986,98843773,Surname986,426,Germany,Male,18,6,195130.96,2,1,1,87527.29,0
987,86720179,Surname987,551,Germany,Male,59,3,67941.42,2,1,1,34817.05,1
988,93164078,Surname988,809,France,Male,49,3,53180.23,4,1,0,12368.18,0
989,74041154,Surname989,763,Germany,Male,43,5,16210.04,4,0,0,190152.14,1
990,95206388,Surname990,711,France,Female,46,10,117271.96,4,1,0,156831.25,0
991,55258067,Surname991,789,Spain,Female,61,9,96990.46,4,0,0,38382.07,0
992,52148922,Surname992,657,Spain,Female,55,7,198188.84,3,1,0,137540.66,1
993,77860860,Surname993,689,Spain,Male,52,10,28110.91,3,0,0,12424.72,1
994,25774618,Surname994,624,France,Male,52,6,118284.2,3,0,1,116480.02,1
995,29521844,Surname995,410,Spain,Male,31,6,163455.52,2,0,0,71721.69,0
996,38963061,Surname996,478,Germany,Female,42,6,120020.4,4,0,1,85204.83,0
997,95691014,Surname997,757,France,Female,27,5,6458.83,2,1,0,22565.84,1
998,36315275,Surname998,583,Germany,Female,35,1,127496.06,3,0,1,131710.49,0
999,99041035,Surname999,776,Spain,Male,51,1,74008.57,4,0,1,81027.89,0
1000,79058120,Surname1000,449,France,Male,59,3,166447.97,4,1,1,86083.59,1
